country name,region,average population,average urban population,average urban population ratio,average birthrate
"""Macao SAR, China""",Asia,484078.8181818182,484078.8181818182,1.0,4.762355769510504
"""Hong Kong SAR, China""",Asia,6843918.181818182,6843918.181818182,1.0,4.700480365792417
Singapore,Asia,4434809.090909091,4434809.090909091,1.0,4.560718423417257
Bermuda,The Americas,63448.818181818184,63448.818181818184,1.0,4.358310108056566
Cayman Islands,The Americas,50349.818181818184,50349.818181818184,1.0,4.199705077879927
Kuwait,Middle East,2302827.5454545454,2263838.8181818184,0.9830691936312446,3.9681124720791896
Belgium,Europe,10520218.272727273,10233489.636363637,0.9727449916978477,4.4693686448290295
Puerto Rico,The Americas,3794443.4545454546,3684401.3636363638,0.9709991485636006,4.328916809359933
Qatar,Middle East,992905.9090909091,948040.0,0.954813534011508,4.112693700890297
Virgin Islands (U.S.),The Americas,109398.18181818182,102907.63636363637,0.9406704449134936,4.3152179650017715
San Marino,Europe,29783.272727272728,27990.090909090908,0.9397923178355148,4.576999309021395
Malta,Europe,402858.2727272727,377034.9090909091,0.935899631745069,4.596120350468174
Guam,Oceania,168012.54545454544,156468.0,0.9312875986533473,3.9303721440963426
Iceland,Europe,300120.63636363635,276797.36363636365,0.9222870076184516,4.224246186796044
"""Venezuela, RB""",The Americas,26576454.545454547,24484288.09090909,0.9212774431229284,3.8125891084399592
Uruguay,The Americas,3318424.6363636362,3051198.4545454546,0.9194719750782073,4.181686572377249
Israel,Middle East,6943509.090909091,6358748.909090909,0.9157831905795603,3.8418187467548974
Argentina,The Americas,38681311.63636363,35331025.09090909,0.9133874627378199,4.032650993216761
American Samoa,Oceania,62970.545454545456,57400.27272727273,0.9115416154161542,3.816712825623821
Andorra,Europe,76166.54545454546,68643.72727272728,0.9012319892293443,4.543476616982751
United Kingdom,Europe,60363898.18181818,54165271.0,0.8973123444886263,4.415301423558754
Bahrain,Middle East,835219.9090909091,738945.6363636364,0.8847318272955658,3.8675712428573124
Australia,Oceania,20559581.818181816,18133858.545454547,0.8820149507816307,4.3428059215206005
Chile,The Americas,16288062.545454545,14260261.818181818,0.8755038715246941,4.181686572377249
Lebanon,Middle East,4020313.6363636362,3482180.4545454546,0.8661464675415419,4.069208588950558
New Zealand,Oceania,4118254.5454545454,3551632.090909091,0.8624119883092572,4.236746349560276
Denmark,Europe,5431997.090909091,4673924.818181818,0.8604431740223184,4.430453228579356
Djibouti,Africa,809830.8181818182,696235.9090909091,0.8597300738122744,3.4975080618000636
Sweden,Europe,9072657.636363637,7651079.454545454,0.8433118234153981,4.48536898617547
Brazil,The Americas,185416160.1818182,155875470.0909091,0.8406789890269455,4.017383521085972
Gabon,Africa,1370497.3636363635,1143208.3636363635,0.8341558283651636,3.5530779129548744
"""Bahamas, The""",The Americas,319743.54545454547,265715.63636363635,0.8310273659657356,4.158156074967055
Luxembourg,Europe,467718.0909090909,387669.1818181818,0.8288522281972882,4.430453228579356
Greenland,The Americas,56571.181818181816,46841.0,0.828001086322461,4.149152798717096
Saudi Arabia,Middle East,23864238.181818184,19460667.272727273,0.8154740630921994,3.74496892076498
"""Korea, Rep.""",Asia,48230363.63636363,38962225.27272727,0.8078360255893119,4.605170185988091
United States,The Americas,295728426.54545456,238874613.0909091,0.8077499207002786,4.262225434861261
Canada,The Americas,32352488.727272727,25909144.636363637,0.8008393065143877,4.509860006183766
Netherlands,Europe,16296976.636363637,13042769.909090908,0.8003183780719438,4.438116101324925
Jordan,Middle East,5415136.363636363,4243256.181818182,0.7835917503966155,3.5985402870316316
United Arab Emirates,Middle East,4662851.7272727275,3629330.4545454546,0.7783499598148764,4.199705077879927
Libya,Africa,5785868.2727272725,4461587.909090909,0.771118127614727,3.737306048019411
Norway,Europe,4652632.090909091,3585617.1818181816,0.7706642416072873,4.378396866623303
Spain,Europe,43356608.54545455,33296925.272727273,0.7679780866120831,4.534965927314842
France,Europe,63089594.09090909,48432554.72727273,0.7676789718679079,4.3428059215206005
Palau,No region,19884.454545454544,15259.636363636364,0.7674153861627859,4.268697949366879
Mexico,The Americas,106602288.0909091,81350002.45454545,0.7631168515367249,3.8418187467548974
Cuba,The Americas,11221679.909090908,8486661.727272727,0.7562737304953344,4.4693686448290295
Suriname,The Americas,497668.2727272727,367844.0909090909,0.7391351047822838,3.902973169908228
Colombia,The Americas,43038783.36363637,31696157.545454547,0.736455705024291,3.8460650376363485
Czech Republic,Europe,10309770.181818182,7591640.545454546,0.7363540032000714,4.596120350468174
Brunei Darussalam,Asia,363098.9090909091,267010.1818181818,0.7353648692767911,3.863232841258714
Germany,Europe,82272903.9090909,60410355.18181818,0.7342679340523802,4.773051058627252
Switzerland,Europe,7465209.818181818,5478306.181818182,0.7338449039269529,4.596120350468174
Russian Federation,Europe,143593753.72727272,104839692.18181819,0.7301131801383225,4.552060360674143
Dominica,The Americas,68782.18181818182,50116.90909090909,0.7286321510327728,4.199705077879927
Belarus,Europe,9764344.363636363,7042202.181818182,0.7212160816494982,4.614302669551364
West Bank and Gaza,No region,3544797.8181818184,2542523.8181818184,0.7172549602521247,3.294383377376346
Oman,Middle East,2470306.090909091,1768359.3636363635,0.7158462549009845,3.8895501495760874
Peru,The Americas,27520366.727272727,19577344.818181816,0.7113765965473359,3.8125891084399592
Panama,The Americas,3237654.8181818184,2288483.090909091,0.7068335630029402,3.829186999848997
Bulgaria,Europe,7773194.454545454,5459490.909090909,0.702348428437734,4.651690201622984
Marshall Islands,Oceania,52486.36363636364,36774.72727272727,0.700652983458907,3.3524072174927233
Estonia,Europe,1349775.4545454546,937109.7272727273,0.6942708315793941,4.526527058668978
Cyprus,Europe,1028506.5454545454,713868.8181818182,0.6940829120988491,4.400375773342078
Latvia,Europe,2302661.5454545454,1567681.9090909092,0.6808129975443041,4.670921563550872
Italy,Europe,58571708.36363637,39663076.72727273,0.6771712459030329,4.651690201622984
Ukraine,Europe,47264655.72727273,31990497.545454547,0.6768376295819571,4.651690201622984
Malaysia,Asia,26012325.454545453,17564318.272727273,0.6752306057149551,3.8125891084399592
Turkey,Europe,68174186.0,45870160.90909091,0.6728376765523963,3.9537924183044413
Iraq,Middle East,27872287.363636363,18666314.90909091,0.6697087564275028,3.299297392178775
"""Iran, Islamic Rep.""",Middle East,69724854.54545455,46672262.45454545,0.6693776954976535,4.022446823042519
Lithuania,Europe,3409826.272727273,2280194.5454545454,0.6687128208531232,4.642211457668441
Dominican Republic,The Americas,9262542.909090908,6180531.636363637,0.6672607832453471,3.75269096685889
Austria,Europe,8210766.818181818,5469832.2727272725,0.6661780067380485,4.661259652639135
Hungary,Europe,10097175.363636363,6701932.0,0.6637432508239995,4.632821717318602
Japan,Asia,127541382.45454545,84178100.0909091,0.6600061758065808,4.720683073109935
"""Macedonia, FYR""",Europe,2037023.3636363635,1332468.2727272727,0.6541251791774424,4.461463465321916
Tunisia,Africa,10044618.181818182,6565634.7272727275,0.6536470185753022,4.058626479620021
Armenia,Asia,3072023.4545454546,1974168.6363636365,0.6426281132204897,4.236746349560276
Bolivia,The Americas,9133455.636363637,5868809.181818182,0.6425617439309936,3.5499083381935956
New Caledonia,Oceania,232696.72727272726,148355.72727272726,0.6375496940223404,4.032650993216761
Ecuador,The Americas,13414564.636363637,8545738.363636363,0.6370492517118995,3.7881976553158
Algeria,Africa,32936437.363636363,20854984.181818184,0.6331888282745246,3.871928548226268
Philippines,Asia,85417074.36363636,53565951.90909091,0.6271105901034575,3.5985402870316316
Finland,Europe,5256609.7272727275,3283520.6363636362,0.624646075459594,4.509860006183766
Costa Rica,The Americas,4301546.181818182,2656783.3636363638,0.6176345089275298,4.037792392717179
"""Korea, Dem. Rep.""",Asia,23693070.181818184,14625374.181818182,0.6172848883485579,4.163986995277848
Poland,Europe,38200664.18181818,23483085.363636363,0.6147297662644637,4.605170185988091
Ireland,Europe,4164210.3636363638,2521411.3636363638,0.6054956746792592,4.163986995277848
Greece,Europe,11110977.0,6720817.909090909,0.6048809127307985,4.587151680485413
"""Congo, Rep.""",Africa,3560182.1818181816,2146685.6363636362,0.6029707264214569,3.3091984631614864
Montenegro,Europe,628981.4545454546,377375.9090909091,0.5999793894775912,4.349823494179247
El Salvador,The Americas,6058253.818181818,3625199.6363636362,0.5983901871994558,3.829186999848997
South Africa,Africa,47137769.45454545,27980068.363636363,0.5935806612703068,3.776221464269084
Paraguay,The Americas,5897922.636363637,3453950.727272727,0.5856215722426397,3.653161371511857
Liberia,Africa,3306796.909090909,1925708.6363636365,0.5823486259677931,3.1831577422661215
Sao Tome and Principe,Africa,152842.45454545456,88762.18181818182,0.5807429753870147,3.3948539077399804
Portugal,Europe,10496784.272727273,6045922.909090909,0.5759785808687539,4.569452103386012
Cape Verde,Africa,470095.7272727273,269900.1818181818,0.5741387682547442,3.714663571269651
Botswana,Africa,1880028.0,1077668.0909090908,0.573219170623571,3.6925224453924375
Kazakhstan,Asia,15322998.636363637,8777868.0,0.5728557580869896,3.9826405726420995
Mongolia,Asia,2563227.3636363638,1458568.8181818181,0.569036067137094,3.8460650376363485
Croatia,Europe,4434909.090909091,2510536.3636363638,0.5660851918661857,4.661259652639135
Slovak Republic,Europe,5394521.0,3042050.3636363638,0.5639148246223091,4.578262733068167
Nicaragua,The Americas,5427439.363636363,3038732.5454545454,0.5598832786256328,3.663743480842394
Morocco,Africa,30385634.90909091,16722768.0,0.5503511132820466,3.8851155525082217
Cameroon,Africa,17587220.454545453,9568771.545454545,0.5440752602257554,3.2822029588194748
Angola,Africa,16480203.545454545,8926192.636363637,0.5416312129728275,3.079113882493042
"""Gambia, The""",Africa,1506875.7272727273,813627.6363636364,0.5399434217685684,3.196402969016142
Romania,Europe,21727809.727272727,11708531.363636363,0.5388730622461143,4.605170185988091
Syrian Arab Republic,Middle East,18328570.454545453,9770488.363636363,0.5330742180830201,3.6852496860633575
Seychelles,Africa,84058.63636363637,44608.36363636364,0.5306815047937317,4.017383521085972
Jamaica,The Americas,2649988.4545454546,1397484.4545454546,0.5273549219236736,4.012345727056015
Georgia,Asia,4382163.636363637,2307841.272727273,0.5266442479638535,4.422848629194137
French Polynesia,Oceania,254671.72727272726,132055.54545454544,0.5185324137418973,3.997382854379303
Serbia,Europe,7423630.818181818,3832980.909090909,0.5163215955867907,4.605170185988091
Azerbaijan,Asia,8463184.090909092,4368813.545454546,0.5162139330216625,4.112693700890297
Isle of Man,Europe,79972.36363636363,40938.63636363636,0.511909796111384,4.509860006183766
Fiji,Oceania,829248.9090909091,421727.1818181818,0.5085652536830152,3.760473107300945
Belize,The Americas,293935.0909090909,148100.63636363635,0.5038549017934078,3.622070784441826
Slovenia,Europe,2009390.1818181819,993391.4545454546,0.49437459361257136,4.642211457668441
Indonesia,Asia,226999190.45454547,109187359.63636364,0.48100329969338557,3.916578821964007
Ghana,Africa,21695099.09090909,10403607.909090908,0.4795372385946068,3.408496684143767
Turkmenistan,Asia,4758774.909090909,2261978.272727273,0.47532785558024826,3.7922218056155255
Guatemala,The Americas,12752520.636363637,6040022.181818182,0.4736335940202396,3.365479299060076
Cote d'Ivoire,Africa,18082819.90909091,8483162.909090908,0.46912831913047515,3.3292996424825736
Aruba,The Americas,100064.45454545454,46742.27272727273,0.4671216461389886,4.371176618649816
Honduras,The Americas,6891312.090909091,3214290.909090909,0.4664265479038673,3.5435991690003306
Nigeria,Africa,140307543.63636363,65037271.45454545,0.46353367587350225,3.1941832122778293
St. Vincent and the Grenadines,The Americas,108678.27272727272,50007.09090909091,0.4601388083760156,4.002345643721432
Bosnia and Herzegovina,Europe,3765967.727272727,1725339.1818181819,0.45813966203785117,4.651690201622984
Albania,Europe,3137913.6363636362,1407532.0909090908,0.44855666981969783,4.25579454453097
Kiribati,Oceania,91868.27272727272,40020.0,0.435623733982748,3.5935692743096115
Haiti,The Americas,9335387.090909092,3999912.5454545454,0.42846777605501835,3.5562575658722544
Moldova,Europe,3596935.272727273,1538460.6363636365,0.4277142955639407,4.422848629194137
"""Egypt, Arab Rep.""",Africa,74266212.0,31680638.636363637,0.4265821264233005,3.714663571269651
Mauritius,Africa,1239456.5454545454,526643.3636363636,0.4248986102560198,4.218054216548124
Senegal,Africa,10910091.181818182,4554286.636363637,0.4174379994141037,3.2418653430928996
Sudan,Africa,30655712.545454547,12537564.727272727,0.4089797198053296,3.344645212157234
Mauritania,Africa,3048409.909090909,1237695.9090909092,0.40601360906217904,3.334388711990045
China,Asia,1302350454.5454545,526473525.45454544,0.4042487362883402,4.392995666044456
Benin,Africa,7651433.909090909,3075522.0,0.4019536777735054,3.1853531328295572
Togo,Africa,5411486.090909091,2169101.5454545454,0.4008328782547331,3.365479299060076
Faeroe Islands,Europe,47787.90909090909,18933.636363636364,0.3962013974626522,4.268697949366879
Equatorial Guinea,Africa,608644.7272727273,238087.54545454544,0.3911765514200552,3.270169119255751
Barbados,The Americas,270481.45454545453,104112.0,0.3849136354836628,4.501629507047251
Central African Republic,Africa,4033069.3636363638,1540803.5454545454,0.38204241150598517,3.299297392178775
Sierra Leone,Africa,5073880.0,1876469.1818181819,0.36982923952048175,3.180967160886303
Uzbekistan,Asia,26315854.545454547,9714056.363636363,0.36913322905237905,3.833379878109033
Zimbabwe,Africa,12543790.090909092,4513111.7272727275,0.35978852440647363,3.524907035988178
Kyrgyz Republic,Asia,5161954.545454546,1854273.0,0.35921916469272563,3.7922218056155255
Somalia,Africa,8359444.545454546,2955111.727272727,0.3535057516326933,3.101092789211817
Namibia,Africa,2085518.5454545454,735302.9090909091,0.35257557919756954,3.5499083381935956
Zambia,Africa,11524832.909090908,4051942.090909091,0.3515835867531647,3.111245160675835
Pakistan,Asia,158874699.36363637,55730010.45454545,0.3507796438184863,3.5499083381935956
Mozambique,Africa,20773999.727272727,7212766.909090909,0.3472016464706974,3.1897584262974736
Maldives,Asia,294945.45454545453,100851.72727272728,0.34193348539021085,3.9826405726420995
Guinea,Africa,9088541.909090908,3016270.272727273,0.3318761472299772,3.2030919571669387
"""Congo, Dem. Rep.""",Africa,57535108.63636363,18683406.09090909,0.324730525999228,3.069280961576803
Thailand,Asia,66454104.90909091,21572542.363636363,0.32462317253610684,4.3152179650017715
St. Kitts and Nevis,The Americas,48823.181818181816,15824.272727272728,0.32411391756896407,4.074541934925921
Bhutan,Asia,654153.6363636364,204928.27272727274,0.31327238944423674,3.756574466885288
Antigua and Barbuda,The Americas,83643.45454545454,25886.636363636364,0.3094878912440032,3.937340813412436
Channel Islands,No region,149089.54545454544,45981.36363636364,0.30841440622932526,4.642211457668441
Myanmar,Asia,46405613.18181818,14305791.818181818,0.3082771853941768,3.9777743829909267
Grenada,The Americas,102845.72727272728,31695.363636363636,0.30818357239395633,3.9633162998156966
Mali,Africa,13238110.272727273,4066917.3636363638,0.30721283324062465,3.03277354523434
Guinea-Bissau,Africa,1371920.3636363635,408044.2727272727,0.2974256258181962,3.2143406697028096
"""Yemen, Rep.""",Middle East,20741624.181818184,6046136.818181818,0.291497751824169,3.237224963536397
India,Asia,1139737707.0,328757161.3636364,0.2884498418754486,3.7297014486341915
Madagascar,Africa,17947956.90909091,5146455.545454546,0.28674325281268026,3.2797845779551933
Guyana,The Americas,744983.1818181818,211504.36363636365,0.2839048837588158,3.9396745367586563
Comoros,Africa,645277.0909090909,180931.0909090909,0.28039286293921933,3.232606017680103
St. Lucia,The Americas,164712.36363636365,45820.454545454544,0.27818467013570763,4.218054216548124
Lao PDR,Asia,5757553.7272727275,1593709.4545454546,0.27680322755761283,3.653161371511857
Vietnam,Asia,82336300.0,21845954.818181816,0.2653259232948507,4.074541934925921
Tajikistan,Asia,6486799.090909091,1716061.3636363635,0.2645467108795359,3.5467487779032267
Timor-Leste,Asia,986376.0,259167.0,0.26274666050268863,3.2166056763336615
Bangladesh,Asia,139913660.0,36157166.27272727,0.2584248476719662,3.75269096685889
Chad,Africa,9750912.909090908,2490285.6363636362,0.255389998821742,3.0614836511167716
Tanzania,Africa,39074491.27272727,9532245.454545455,0.24395059651611262,3.174424062297367
Swaziland,Africa,1023112.8181818182,248333.27272727274,0.24272325428254113,3.4767049341703005
Tonga,Oceania,100969.09090909091,24383.363636363636,0.24149334629859723,3.562647363971025
Vanuatu,Oceania,211499.18181818182,50090.545454545456,0.23683564647359479,3.4621061347491477
Lesotho,Africa,2067679.6363636365,484855.63636363635,0.23449263021051792,3.5187531704137998
Afghanistan,Asia,30005285.90909091,6925301.454545454,0.23080271507918704,3.0595437862989447
Samoa,Oceania,180099.36363636365,40596.818181818184,0.22541344601187324,3.572309274882762
"""Micronesia, Fed. Sts.""",Oceania,109161.72727272728,24463.727272727272,0.224105351609247,3.605206978389821
Kenya,Africa,35712389.63636363,7464330.909090909,0.2090123619588441,3.2630177180981264
Cambodia,Asia,13331464.0,2647010.1818181816,0.19855360085120297,3.7221542429988084
Eritrea,Africa,4467964.818181818,880176.1818181818,0.1969971156076288,3.2797845779551933
Burkina Faso,Africa,14272136.272727273,2643260.1818181816,0.18520424211960523,3.117386428697918
Malawi,Africa,12924045.272727273,2266797.909090909,0.17539383848139076,3.1277064377299073
Solomon Islands,Oceania,471283.9090909091,80880.90909090909,0.1716182274224589,3.3867566975073613
Rwanda,Africa,9310203.636363637,1582765.4545454546,0.17000331210410005,3.209825989348283
Niger,Africa,13085082.272727273,2145902.090909091,0.1639960717237301,2.986682438034073
Ethiopia,Africa,74253849.0909091,12062491.090909092,0.16244937115840238,3.321714271093317
Nepal,Asia,27235607.363636363,4329935.181818182,0.1589806727644083,3.5690782543013158
Sri Lanka,Asia,19662636.363636363,3000175.4545454546,0.1525825631446814,3.9777743829909267
Liechtenstein,Europe,34579.181818181816,5039.363636363636,0.14573403335164878,4.526527058668978
Papua New Guinea,Oceania,6105097.7272727275,776537.2727272727,0.12719489636641212,3.4195465203303517
Uganda,Africa,28584390.09090909,3615386.090909091,0.12648113461266117,3.0556753095210243
Trinidad and Tobago,The Americas,1316146.6363636365,161799.63636363635,0.12293435388831019,4.211900350973745
Burundi,Africa,7303547.636363637,705420.6363636364,0.09658602524222848,3.344645212157234
